first_name,last_name,username,password,age,email
Trang,Thuy,trangthuy1,trangthuy1,36,trangthuy@gmail.com
Long,Hoang,longhoang2,longhoang2,24,longhoang@gmail.com
Loan,Tuyet,loantuyet3,loantuyet3,37,loantuyet@gmail.com
Dinh,Thuc,dinhthuc4,dinhthuc4,35,dinhthuc@gmail.com
Anh,Phuong,anhphuong5,anhphuong5,31,anhphuong@gmail.com
Thong,Huu,thonghuu6,thonghuu6,26,thonghuu@gmail.com
Ngan,Thu,nganthu7,nganthu7,35,nganthu@gmail.com
Tam,Thanh,tamthanh8,tamthanh8,33,tamthanh@gmail.com
Nhi,Viet,nhiviet9,nhiviet9,38,nhiviet@gmail.com
Nga,Nhu,nganhu10,nganhu10,30,nganhu@gmail.com
Nha,Thanh,nhathanh11,nhathanh11,33,nhathanh@gmail.com
Son,Kim,sonkim12,sonkim12,27,sonkim@gmail.com
Nu,Ngoc,nungoc13,nungoc13,29,nungoc@gmail.com
Quynh,Nhu,quynhnhu14,quynhnhu14,31,quynhnhu@gmail.com
Thong,Dai,thongdai15,thongdai15,20,thongdai@gmail.com
Lam,Dao,lamdao16,lamdao16,21,lamdao@gmail.com
Hoa,Bao,hoabao17,hoabao17,18,hoabao@gmail.com
Cuong,Kien,cuongkien18,cuongkien18,27,cuongkien@gmail.com
Vu,Anh,vuanh19,vuanh19,18,vuanh@gmail.com
Lan,Thanh,lanthanh20,lanthanh20,33,lanthanh@gmail.com
Dan,Minh,danminh21,danminh21,28,danminh@gmail.com
Dung,Thuy,dungthuy22,dungthuy22,35,dungthuy@gmail.com
Thong,Dai,thongdai23,thongdai23,20,thongdai@gmail.com
Minh,Duy,minhduy24,minhduy24,22,minhduy@gmail.com
Giang,Hoang,gianghoang25,gianghoang25,24,gianghoang@gmail.com
Khanh,Phi,khanhphi26,khanhphi26,31,khanhphi@gmail.com
Lam,Tinh,lamtinh27,lamtinh27,36,lamtinh@gmail.com
Nghia,Than,nghiathan28,nghiathan28,21,nghiavippro@gmail.com
Man,Minh,manminh29,manminh29,28,manminh@gmail.com
Tien,Van,tienvan30,tienvan30,38,tienvan@gmail.com
Lo,Dac,lodac31,lodac31,20,lodac@gmail.com
Thien,Dinh,thiendinh32,thiendinh32,21,thiendinh@gmail.com
Anh,Tuyet,anhtuyet33,anhtuyet33,37,anhtuyet@gmail.com
Ninh,Khac,ninhkhac34,ninhkhac34,26,ninhkhac@gmail.com
Bang,Duc,bangduc35,bangduc35,21,bangduc@gmail.com
Lien,Truc,lientruc36,lientruc36,37,lientruc@gmail.com
Nhuan,Hong,nhuanhong37,nhuanhong37,25,nhuanhong@gmail.com
Dung,Chi,dungchi38,dungchi38,19,dungchi@gmail.com
Khanh,Thien,khanhthien39,khanhthien39,34,khanhthien@gmail.com
Trung,Dang,trungdang40,trungdang40,21,trungdang@gmail.com
Dung,Nghi,dungnghi41,dungnghi41,29,dungnghi@gmail.com
Huy,Bao,huybao42,huybao42,18,huybao@gmail.com
Ha,Nhat,hanhat43,hanhat43,30,hanhat@gmail.com
Hanh,Duc,hanhduc44,hanhduc44,21,hanhduc@gmail.com
Hanh,Thuy,hanhthuy45,hanhthuy45,35,hanhthuy@gmail.com
Ha,Thuy,hathuy46,hathuy46,35,hathuy@gmail.com
Hung,Chan,hungchan47,hungchan47,19,hungchan@gmail.com
Vu,Khac,vukhac48,vukhac48,26,vukhac@gmail.com
Dao,Thuy,daothuy49,daothuy49,35,daothuy@gmail.com
Que,Dan,quedan50,quedan50,20,quedan@gmail.com
Chieu,Dinh,chieudinh51,chieudinh51,21,chieudinh@gmail.com
Hoa,Minh,hoaminh52,hoaminh52,28,hoaminh@gmail.com
Son,Chi,sonchi53,sonchi53,19,sonchi@gmail.com
Nhi,To,nhito54,nhito54,36,nhito@gmail.com
Bich,Ngoc,bichngoc55,bichngoc55,29,bichngoc@gmail.com
Ly,Tu,lytu56,lytu56,37,lytu@gmail.com
Yen,Nha,yennha57,yennha57,30,yennha@gmail.com
Nguyen,Dinh,nguyendinh58,nguyendinh58,21,nguyendinh@gmail.com
Tuyen,Thien,tuyenthien59,tuyenthien59,34,tuyenthien@gmail.com
Thi,Uyen,thiuyen60,thiuyen60,38,thiuyen@gmail.com
Thinh,Hung,thinhhung61,thinhhung61,25,thinhhung@gmail.com
Lan,Xuan,lanxuan62,lanxuan62,39,lanxuan@gmail.com
Dung,Xuan,dungxuan63,dungxuan63,39,dungxuan@gmail.com
Ngan,Thuy,nganthuy64,nganthuy64,36,nganthuy@gmail.com
Ca,Khai,cakhai65,cakhai65,26,cakhai@gmail.com
Thanh,Danh,thanhdanh66,thanhdanh66,21,thanhdanh@gmail.com
Trang,My,trangmy67,trangmy67,29,trangmy@gmail.com
Ha,Nhat,hanhat68,hanhat68,30,hanhat@gmail.com
Vy,Hoai,vyhoai69,vyhoai69,24,vyhoai@gmail.com
Lam,Huy,lamhuy70,lamhuy70,26,lamhuy@gmail.com
Uyen,Thuc,uyenthuc71,uyenthuc71,35,uyenthuc@gmail.com
Linh,Xuan,linhxuan72,linhxuan72,39,linhxuan@gmail.com
Son,Giang,songiang73,songiang73,23,songiang@gmail.com
Lien,Thu,lienthu74,lienthu74,35,lienthu@gmail.com
Thu,Thien,thuthien75,thuthien75,34,thuthien@gmail.com
Lam,Thu,lamthu76,lamthu76,35,lamthu@gmail.com
Thao,Thai,thaothai77,thaothai77,33,thaothai@gmail.com
Nhuan,Hong,nhuanhong78,nhuanhong78,25,nhuanhong@gmail.com
Nha,Thanh,nhathanh79,nhathanh79,33,nhathanh@gmail.com
Khoa,Anh,khoaanh80,khoaanh80,18,khoaanh@gmail.com
Lam,Hieu,lamhieu81,lamhieu81,24,lamhieu@gmail.com
Thu,Thanh,thuthanh82,thuthanh82,33,thuthanh@gmail.com
Bao,Duy,baoduy83,baoduy83,22,baoduy@gmail.com
Yen,Xuan,yenxuan84,yenxuan84,39,yenxuan@gmail.com
Lam,Huy,lamhuy85,lamhuy85,26,lamhuy@gmail.com
Kiem,Hoan,kiemhoan86,kiemhoan86,24,kiemhoan@gmail.com
Phong,Huy,phonghuy87,phonghuy87,26,phonghuy@gmail.com
Oanh,Thy,oanhthy88,oanhthy88,36,oanhthy@gmail.com
Yen,Thai,yenthai89,yenthai89,33,yenthai@gmail.com
Quynh,Tu,quynhtu90,quynhtu90,37,quynhtu@gmail.com
Chi,Van,chivan91,chivan91,38,chivan@gmail.com
Chuong,Dinh,chuongdinh92,chuongdinh92,21,chuongdinh@gmail.com
Thao,Xuan,thaoxuan93,thaoxuan93,39,thaoxuan@gmail.com
Khang,Duc,khangduc94,khangduc94,22,khangduc@gmail.com
Tien,Phuong,tienphuong95,tienphuong95,31,tienphuong@gmail.com
Phap,Bao,phapbao96,phapbao96,19,phapbao@gmail.com
Phuong,Pham,phuongpham97,phuongpham97,21,phuongpham@gmail.com
Vi,Uyen,viuyen98,viuyen98,38,viuyen@gmail.com
Luan,Dinh,luandinh99,luandinh99,21,luandinh@gmail.com
Yen,Phuong,yenphuong100,yenphuong100,32,yenphuong@gmail.com
Thao,Xuan,thaoxuan101,thaoxuan101,39,thaoxuan@gmail.com
An,Khanh,ankhanh102,ankhanh102,27,ankhanh@gmail.com
Trinh,Manh,trinhmanh103,trinhmanh103,28,trinhmanh@gmail.com
Mai,Xuan,maixuan104,maixuan104,39,maixuan@gmail.com
Sieu,Duc,sieuduc105,sieuduc105,22,sieuduc@gmail.com
An,Duy,anduy106,anduy106,22,anduy@gmail.com
Binh,Khanh,binhkhanh107,binhkhanh107,27,binhkhanh@gmail.com
Ca,Khai,cakhai108,cakhai108,26,cakhai@gmail.com
Suong,Tu,suongtu109,suongtu109,37,suongtu@gmail.com
Suong,Suong,suongsuong110,suongsuong110,32,suongsuong@gmail.com
Hai,Dong,haidong111,haidong111,21,haidong@gmail.com
Quoc,Anh,quocanh112,quocanh112,18,quocanh@gmail.com
Lac,Hoa,lachoa113,lachoa113,24,lachoa@gmail.com
Thanh,Van,thanhvan114,thanhvan114,38,thanhvan@gmail.com
Phuoc,Gia,phuocgia115,phuocgia115,23,phuocgia@gmail.com
Giang,Thuy,giangthuy116,giangthuy116,35,giangthuy@gmail.com
Loan,Thuy,loanthuy117,loanthuy117,36,loanthuy@gmail.com
Hanh,Xuan,hanhxuan118,hanhxuan118,39,hanhxuan@gmail.com
Tuong,Hung,tuonghung119,tuonghung119,25,tuonghung@gmail.com
Nhi,Tinh,nhitinh120,nhitinh120,36,nhitinh@gmail.com
Nhi,Thao,nhithao121,nhithao121,34,nhithao@gmail.com
Minh,Khac,minhkhac122,minhkhac122,26,minhkhac@gmail.com
Chau,Phuong,chauphuong123,chauphuong123,31,chauphuong@gmail.com
Lam,Han,lamhan124,lamhan124,23,lamhan@gmail.com
Thanh,Ngan,thanhngan125,thanhngan125,29,thanhngan@gmail.com
Huong,Viet,huongviet126,huongviet126,38,huongviet@gmail.com
Linh,Nhat,linhnhat127,linhnhat127,30,linhnhat@gmail.com
Hong,Thao,hongthao128,hongthao128,34,hongthao@gmail.com
Mi,Tieu,mitieu129,mitieu129,36,mitieu@gmail.com
Anh,Gia,anhgia130,anhgia130,23,anhgia@gmail.com
Linh,Ngoc,linhngoc131,linhngoc131,29,linhngoc@gmail.com
Lien,Thu,lienthu132,lienthu132,35,lienthu@gmail.com
Trang,Thanh,trangthanh133,trangthanh133,33,trangthanh@gmail.com
Quan,Truc,quantruc134,quantruc134,37,quantruc@gmail.com
Cuong,Duc,cuongduc135,cuongduc135,21,cuongduc@gmail.com
Ly,Cong,lycong136,lycong136,20,lycong@gmail.com
Trang,Phuong,trangphuong137,trangphuong137,31,trangphuong@gmail.com
Trung,Huu,trunghuu138,trunghuu138,26,trunghuu@gmail.com
Binh,Y,binhy139,binhy139,39,binhy@gmail.com
Huong,Thuy,huongthuy140,huongthuy140,35,huongthuy@gmail.com
Tho,Ngoc,thongoc141,thongoc141,30,thongoc@gmail.com
Lan,Phuong,lanphuong142,lanphuong142,31,lanphuong@gmail.com
Thuy,Xuan,thuyxuan143,thuyxuan143,39,thuyxuan@gmail.com
Duong,Hai,duonghai144,duonghai144,23,duonghai@gmail.com
Tung,Anh,tunganh145,tunganh145,18,tunganh@gmail.com
Quyet,Cuong,quyetcuong146,quyetcuong146,20,quyetcuong@gmail.com
Van,Thanh,vanthanh147,vanthanh147,33,vanthanh@gmail.com
Phong,Hung,phonghung148,phonghung148,25,phonghung@gmail.com
Sy,Cao,sycao149,sycao149,19,sycao@gmail.com
Tuong,Lam,tuonglam150,tuonglam150,27,tuonglam@gmail.com
Vo,Kiet,vokiet151,vokiet151,27,vokiet@gmail.com
Phuong,Nhu,phuongnhu152,phuongnhu152,30,phuongnhu@gmail.com
Tho,Uyen,thouyen153,thouyen153,38,thouyen@gmail.com
Tri,Dung,tridung154,tridung154,22,tridung@gmail.com
Chi,Phuong,chiphuong155,chiphuong155,31,chiphuong@gmail.com
Hoa,Thanh,hoathanh156,hoathanh156,33,hoathanh@gmail.com
Giang,Hoang,gianghoang157,gianghoang157,24,gianghoang@gmail.com
Diem,Thuy,diemthuy158,diemthuy158,35,diemthuy@gmail.com
Phuc,Gia,phucgia159,phucgia159,23,phucgia@gmail.com
Hien,Thu,hienthu160,hienthu160,34,hienthu@gmail.com
Hao,Cong,haocong161,haocong161,20,haocong@gmail.com
Nhan,Dinh,nhandinh162,nhandinh162,21,nhandinh@gmail.com
Ngoc,Thuy,ngocthuy163,ngocthuy163,36,ngocthuy@gmail.com
Nguyet,Thuy,nguyetthuy164,nguyetthuy164,36,nguyetthuy@gmail.com
Truong,Manh,truongmanh165,truongmanh165,28,truongmanh@gmail.com
Khai,Anh,khaianh166,khaianh166,18,khaianh@gmail.com
Ca,Khai,cakhai167,cakhai167,26,cakhai@gmail.com
Long,Ba,longba168,longba168,18,longba@gmail.com
Quynh,Van,quynhvan169,quynhvan169,38,quynhvan@gmail.com
Hoan,Cong,hoancong170,hoancong170,20,hoancong@gmail.com
Quynh,Truc,quynhtruc171,quynhtruc171,37,quynhtruc@gmail.com
Tuong,An,tuongan172,tuongan172,18,tuongan@gmail.com
Tam,An,taman173,taman173,18,taman@gmail.com
Dung,Phuong,dungphuong174,dungphuong174,31,dungphuong@gmail.com
Thu,Hoang,thuhoang175,thuhoang175,24,thuhoang@gmail.com
Phong,Chieu,phongchieu176,phongchieu176,20,phongchieu@gmail.com
Diem,Thuy,diemthuy177,diemthuy177,35,diemthuy@gmail.com
Linh,Trang,linhtrang178,linhtrang178,37,linhtrang@gmail.com
Hoang,Gia,hoanggia179,hoanggia179,23,hoanggia@gmail.com
Hien,Xuan,hienxuan180,hienxuan180,39,hienxuan@gmail.com
Tam,To,tamto181,tamto181,36,tamto@gmail.com
Thinh,Cuong,thinhcuong182,thinhcuong182,20,thinhcuong@gmail.com
Duy,Khac,duykhac183,duykhac183,26,duykhac@gmail.com
Hong,Thanh,hongthanh184,hongthanh184,33,hongthanh@gmail.com
Lien,Ngoc,lienngoc185,lienngoc185,29,lienngoc@gmail.com
Huynh,Bao,huynhbao186,huynhbao186,18,huynhbao@gmail.com
Trong,Dac,trongdac187,trongdac187,20,trongdac@gmail.com
Thuy,Hai,thuyhai188,thuyhai188,23,thuyhai@gmail.com
Thy,Uyen,thyuyen189,thyuyen189,38,thyuyen@gmail.com
Yen,Binh,yenbinh190,yenbinh190,19,yenbinh@gmail.com
Phuoc,Huu,phuochuu191,phuochuu191,26,phuochuu@gmail.com
Anh,Que,anhque192,anhque192,32,anhque@gmail.com
Minh,Cao,minhcao193,minhcao193,19,minhcao@gmail.com
Viet,Hong,viethong194,viethong194,25,viethong@gmail.com
Hang,Thuy,hangthuy195,hangthuy195,35,hangthuy@gmail.com
Nhan,Danh,nhandanh196,nhandanh196,20,nhandanh@gmail.com
Anh,Thu,anhthu197,anhthu197,34,anhthu@gmail.com
Thu,Que,thuque198,thuque198,32,thuque@gmail.com
Phuoc,Ba,phuocba199,phuocba199,18,phuocba@gmail.com
Lan,Thai,lanthai200,lanthai200,33,lanthai@gmail.com
Uyen,Ngoc,uyenngoc201,uyenngoc201,30,uyenngoc@gmail.com
Van,Kien,vankien202,vankien202,27,vankien@gmail.com
Quy,Hong,quyhong203,quyhong203,25,quyhong@gmail.com
Quang,Dinh,quangdinh204,quangdinh204,21,quangdinh@gmail.com
Mi,Tieu,mitieu205,mitieu205,36,mitieu@gmail.com
Yen,My,yenmy206,yenmy206,29,yenmy@gmail.com
Minh,Huu,minhhuu207,minhhuu207,25,minhhuu@gmail.com
Chuong,Buu,chuongbuu208,chuongbuu208,19,chuongbuu@gmail.com
Dao,Gia,daogia209,daogia209,23,daogia@gmail.com
Dung,Cuong,dungcuong210,dungcuong210,20,dungcuong@gmail.com
Thuan,My,thuanmy211,thuanmy211,29,thuanmy@gmail.com
Hoa,Phuong,hoaphuong212,hoaphuong212,31,hoaphuong@gmail.com
Hieu,Chi,hieuchi213,hieuchi213,19,hieuchi@gmail.com
Linh,Huy,linhhuy214,linhhuy214,26,linhhuy@gmail.com
Ngan,Dinh,ngandinh215,ngandinh215,21,ngandinh@gmail.com
Cong,Chi,congchi216,congchi216,19,congchi@gmail.com
Nghi,Xuan,nghixuan217,nghixuan217,39,nghixuan@gmail.com
Nam,Khanh,namkhanh218,namkhanh218,27,namkhanh@gmail.com
Hong,Thao,hongthao219,hongthao219,34,hongthao@gmail.com
Khai,Hoang,khaihoang220,khaihoang220,24,khaihoang@gmail.com
Khang,Hoang,khanghoang221,khanghoang221,24,khanghoang@gmail.com
Quan,Nhu,quannhu222,quannhu222,30,quannhu@gmail.com
Tam,My,tammy223,tammy223,29,tammy@gmail.com
Manh,Duy,manhduy224,manhduy224,22,manhduy@gmail.com
Hop,Hoa,hophoa225,hophoa225,24,hophoa@gmail.com
Bao,Bao,baobao226,baobao226,18,baobao@gmail.com
Ngoc,Van,ngocvan227,ngocvan227,38,ngocvan@gmail.com
Chien,Dinh,chiendinh228,chiendinh228,21,chiendinh@gmail.com
Mi,Viet,miviet229,miviet229,38,miviet@gmail.com
Lam,Que,lamque230,lamque230,32,lamque@gmail.com
Quyen,Van,quyenvan231,quyenvan231,38,quyenvan@gmail.com
Doan,Thuc,doanthuc232,doanthuc232,35,doanthuc@gmail.com
Thanh,Duy,thanhduy233,thanhduy233,22,thanhduy@gmail.com
Lam,Hieu,lamhieu234,lamhieu234,24,lamhieu@gmail.com
Nga,Nguyet,nganguyet235,nganguyet235,30,nganguyet@gmail.com
Minh,Thuy,minhthuy236,minhthuy236,36,minhthuy@gmail.com
Phu,Duc,phuduc237,phuduc237,22,phuduc@gmail.com
Tram,My,trammy238,trammy238,29,trammy@gmail.com
Tuan,Anh,tuananh239,tuananh239,18,tuananh@gmail.com
Mai,Tuyet,maituyet240,maituyet240,38,maituyet@gmail.com
Giang,Kien,giangkien241,giangkien241,27,giangkien@gmail.com
Lam,Hoang,lamhoang242,lamhoang242,24,lamhoang@gmail.com
Tho,Ngoc,thongoc243,thongoc243,30,thongoc@gmail.com
Chuyen,Minh,chuyenminh244,chuyenminh244,28,chuyenminh@gmail.com
Bang,Dong,bangdong245,bangdong245,21,bangdong@gmail.com
An,Gia,angia246,angia246,23,angia@gmail.com
Thi,Ngoc,thingoc247,thingoc247,30,thingoc@gmail.com
Anh,Khac,anhkhac248,anhkhac248,26,anhkhac@gmail.com
Tam,Duy,tamduy249,tamduy249,22,tamduy@gmail.com
Ca,Khai,cakhai250,cakhai250,26,cakhai@gmail.com
Nhung,Quynh,nhungquynh251,nhungquynh251,32,nhungquynh@gmail.com
Lam,Vy,lamvy252,lamvy252,39,lamvy@gmail.com
Khuong,Dang,khuongdang253,khuongdang253,20,khuongdang@gmail.com
Khue,Viet,khueviet254,khueviet254,38,khueviet@gmail.com
Mai,Truc,maitruc255,maitruc255,37,maitruc@gmail.com
Loan,Tuyet,loantuyet256,loantuyet256,37,loantuyet@gmail.com
Tra,Phuong,traphuong257,traphuong257,31,traphuong@gmail.com
Anh,Ngoc,anhngoc258,anhngoc258,29,anhngoc@gmail.com
Thu,Song,thusong259,thusong259,32,thusong@gmail.com
Hop,Hoa,hophoa260,hophoa260,24,hophoa@gmail.com
Suong,Suong,suongsuong261,suongsuong261,32,suongsuong@gmail.com
Lam,Ngoc,lamngoc262,lamngoc262,29,lamngoc@gmail.com
Ngoc,Van,ngocvan263,ngocvan263,38,ngocvan@gmail.com
Dan,Kim,dankim264,dankim264,27,dankim@gmail.com
Que,Nguyet,quenguyet265,quenguyet265,30,quenguyet@gmail.com
Ha,Huy,hahuy266,hahuy266,26,hahuy@gmail.com
Tri,Duc,triduc267,triduc267,22,triduc@gmail.com
Vu,Huy,vuhuy268,vuhuy268,26,vuhuy@gmail.com
Tam,Duy,tamduy269,tamduy269,22,tamduy@gmail.com
Son,Hung,sonhung270,sonhung270,25,sonhung@gmail.com
Van,Thuy,vanthuy271,vanthuy271,36,vanthuy@gmail.com
Linh,Thu,linhthu272,linhthu272,35,linhthu@gmail.com
Lam,Quynh,lamquynh273,lamquynh273,32,lamquynh@gmail.com
Tram,Tuyet,tramtuyet274,tramtuyet274,38,tramtuyet@gmail.com
Hai,Duc,haiduc275,haiduc275,21,haiduc@gmail.com
Thuc,Ba,thucba276,thucba276,18,thucba@gmail.com
Linh,Que,linhque277,linhque277,32,linhque@gmail.com
Huong,Viet,huongviet278,huongviet278,38,huongviet@gmail.com
Ngoc,Hung,ngochung279,ngochung279,25,ngochung@gmail.com
Man,Trieu,mantrieu280,mantrieu280,37,mantrieu@gmail.com
Dung,Lam,dunglam281,dunglam281,27,dunglam@gmail.com
Thanh,Tam,thanhtam282,thanhtam282,32,thanhtam@gmail.com
Linh,Hong,linhhong283,linhhong283,25,linhhong@gmail.com
Nga,Thien,ngathien284,ngathien284,34,ngathien@gmail.com
Que,Ngoc,quengoc285,quengoc285,29,quengoc@gmail.com
Yen,Thai,yenthai286,yenthai286,33,yenthai@gmail.com
Truong,Khoa,truongkhoa287,truongkhoa287,27,truongkhoa@gmail.com
Lan,Vy,lanvy288,lanvy288,39,lanvy@gmail.com
Thi,Viet,thiviet289,thiviet289,39,thiviet@gmail.com
Thi,Phuong,thiphuong290,thiphuong290,31,thiphuong@gmail.com
Phong,Chieu,phongchieu291,phongchieu291,20,phongchieu@gmail.com
Kim,Dinh,kimdinh292,kimdinh292,21,kimdinh@gmail.com
Lan,Nhat,lannhat293,lannhat293,30,lannhat@gmail.com
Cong,Khac,congkhac294,congkhac294,26,congkhac@gmail.com
Giang,Thuy,giangthuy295,giangthuy295,35,giangthuy@gmail.com
Tam,Xuan,tamxuan296,tamxuan296,39,tamxuan@gmail.com
Nuong,Thien,nuongthien297,nuongthien297,34,nuongthien@gmail.com
Phuc,Lac,phuclac298,phuclac298,27,phuclac@gmail.com
Bang,Tuyet,bangtuyet299,bangtuyet299,37,bangtuyet@gmail.com
Nguyen,Thao,nguyenthao300,nguyenthao300,34,nguyenthao@gmail.com
Thao,Yen,thaoyen301,thaoyen301,39,thaoyen@gmail.com
Hau,Thu,hauthu302,hauthu302,34,hauthu@gmail.com
An,Duy,anduy303,anduy303,22,anduy@gmail.com
Khanh,Tam,khanhtam304,khanhtam304,32,khanhtam@gmail.com
Loc,Cong,loccong305,loccong305,20,loccong@gmail.com
Hop,Dinh,hopdinh306,hopdinh306,21,hopdinh@gmail.com
Huong,Thanh,huongthanh307,huongthanh307,33,huongthanh@gmail.com
Ha,Hiep,hahiep308,hahiep308,24,hahiep@gmail.com
Thien,Ba,thienba309,thienba309,18,thienba@gmail.com
Sinh,Duc,sinhduc310,sinhduc310,22,sinhduc@gmail.com
Quyen,Luong,quyenluong311,quyenluong311,28,quyenluong@gmail.com
Minh,Hong,minhhong312,minhhong312,25,minhhong@gmail.com
Giang,Tra,giangtra313,giangtra313,36,giangtra@gmail.com
Vy,Thuy,vythuy314,vythuy314,36,vythuy@gmail.com
Tuan,Cong,tuancong315,tuancong315,20,tuancong@gmail.com
Ca,Khai,cakhai316,cakhai316,26,cakhai@gmail.com
Duy,Anh,duyanh317,duyanh317,18,duyanh@gmail.com
Linh,Van,linhvan318,linhvan318,38,linhvan@gmail.com
Si,Cao,sicao319,sicao319,19,sicao@gmail.com
Phuong,Che,phuongche320,phuongche320,19,phuongche@gmail.com
Phong,Chan,phongchan321,phongchan321,19,phongchan@gmail.com
Hanh,Thanh,hanhthanh322,hanhthanh322,33,hanhthanh@gmail.com
Tam,Thanh,tamthanh323,tamthanh323,33,tamthanh@gmail.com
Mai,Thu,maithu324,maithu324,35,maithu@gmail.com
Duc,Hong,duchong325,duchong325,25,duchong@gmail.com
Khoi,Anh,khoianh326,khoianh326,18,khoianh@gmail.com
Ngon,Thi,ngonthi327,ngonthi327,34,ngonthi@gmail.com
Ha,Hai,hahai328,hahai328,23,hahai@gmail.com
Quynh,Nhu,quynhnhu329,quynhnhu329,31,quynhnhu@gmail.com
Mai,Nhat,mainhat330,mainhat330,30,mainhat@gmail.com
Thuy,Hai,thuyhai331,thuyhai331,23,thuyhai@gmail.com
Quan,Dong,quandong332,quandong332,21,quandong@gmail.com
Trinh,Manh,trinhmanh333,trinhmanh333,28,trinhmanh@gmail.com
Khanh,Gia,khanhgia334,khanhgia334,23,khanhgia@gmail.com
Mai,Thien,maithien335,maithien335,34,maithien@gmail.com
Khanh,Duy,khanhduy336,khanhduy336,22,khanhduy@gmail.com
Tung,Anh,tunganh337,tunganh337,18,tunganh@gmail.com
Dieu,Vinh,dieuvinh338,dieuvinh338,39,dieuvinh@gmail.com
Dao,Truc,daotruc339,daotruc339,37,daotruc@gmail.com
Khanh,Gia,khanhgia340,khanhgia340,23,khanhgia@gmail.com
Trinh,Tuyet,trinhtuyet341,trinhtuyet341,38,trinhtuyet@gmail.com
Minh,Duy,minhduy342,minhduy342,22,minhduy@gmail.com
Chien,Minh,chienminh343,chienminh343,28,chienminh@gmail.com
Thien,Luong,thienluong344,thienluong344,28,thienluong@gmail.com
Anh,Tuyet,anhtuyet345,anhtuyet345,37,anhtuyet@gmail.com
Thuong,Van,thuongvan346,thuongvan346,38,thuongvan@gmail.com
Kha,Huy,khahuy347,khahuy347,26,khahuy@gmail.com
Quyen,Tu,quyentu348,quyentu348,37,quyentu@gmail.com
San,Ngoc,sanngoc349,sanngoc349,29,sanngoc@gmail.com
Hieu,Duy,hieuduy350,hieuduy350,22,hieuduy@gmail.com
Nhuan,Hong,nhuanhong351,nhuanhong351,25,nhuanhong@gmail.com
Nam,Hai,namhai352,namhai352,23,namhai@gmail.com
Han,Xuan,hanxuan353,hanxuan353,39,hanxuan@gmail.com
Le,Phuong,lephuong354,lephuong354,31,lephuong@gmail.com
Thao,Nhu,thaonhu355,thaonhu355,31,thaonhu@gmail.com
Minh,Huu,minhhuu356,minhhuu356,25,minhhuu@gmail.com
Huyen,Thu,huyenthu357,huyenthu357,35,huyenthu@gmail.com
Phong,Gia,phonggia358,phonggia358,23,phonggia@gmail.com
Tam,Tu,tamtu359,tamtu359,37,tamtu@gmail.com
Nghi,Xuan,nghixuan360,nghixuan360,39,nghixuan@gmail.com
Nguyen,Thao,nguyenthao361,nguyenthao361,34,nguyenthao@gmail.com
Uyen,Xuan,uyenxuan362,uyenxuan362,39,uyenxuan@gmail.com
Mai,Yen,maiyen363,maiyen363,39,maiyen@gmail.com
Lien,Quynh,lienquynh364,lienquynh364,32,lienquynh@gmail.com
Phuong,Thu,phuongthu365,phuongthu365,35,phuongthu@gmail.com
Quynh,Truc,quynhtruc366,quynhtruc366,37,quynhtruc@gmail.com
Thai,Bao,thaibao367,thaibao367,19,thaibao@gmail.com
Nga,Nguyet,nganguyet368,nganguyet368,30,nganguyet@gmail.com
lam,Vy,lamvy369,lamvy369,39,lamvy@gmail.com
Phong,Hai,phonghai370,phonghai370,23,phonghai@gmail.com
Trang,Cong,trangcong371,trangcong371,20,trangcong@gmail.com
Van,Thao,vanthao372,vanthao372,34,vanthao@gmail.com
Phat,Hong,phathong373,phathong373,25,phathong@gmail.com
An,Khanh,ankhanh374,ankhanh374,27,ankhanh@gmail.com
Thien,Huu,thienhuu375,thienhuu375,26,thienhuu@gmail.com
Nam,Huu,namhuu376,namhuu376,25,namhuu@gmail.com
Ha,Nhat,hanhat377,hanhat377,30,hanhat@gmail.com
Giang,Hoa,gianghoa378,gianghoa378,24,gianghoa@gmail.com
Mai,Thien,maithien379,maithien379,34,maithien@gmail.com
Van,Thao,vanthao380,vanthao380,34,vanthao@gmail.com
Phong,Cao,phongcao381,phongcao381,19,phongcao@gmail.com
Le,Ngoc,lengoc382,lengoc382,29,lengoc@gmail.com
Si,Cao,sicao383,sicao383,19,sicao@gmail.com
Nhi,Tuyet,nhituyet384,nhituyet384,38,nhituyet@gmail.com
Cao,Duc,caoduc385,caoduc385,21,caoduc@gmail.com
Thang,Duc,thangduc386,thangduc386,22,thangduc@gmail.com
Trang,Phuong,trangphuong387,trangphuong387,31,trangphuong@gmail.com
Khang,Chi,khangchi388,khangchi388,19,khangchi@gmail.com
Xuan,My,xuanmy389,xuanmy389,29,xuanmy@gmail.com
Ha,Thanh,hathanh390,hathanh390,33,hathanh@gmail.com
Thai,Hoa,thaihoa391,thaihoa391,24,thaihoa@gmail.com
Thai,Hoang,thaihoang392,thaihoang392,24,thaihoang@gmail.com
Bao,Duy,baoduy393,baoduy393,22,baoduy@gmail.com
Van,Thuy,vanthuy394,vanthuy394,36,vanthuy@gmail.com
Tuong,Gia,tuonggia395,tuonggia395,23,tuonggia@gmail.com
Tho,Duc,thoduc396,thoduc396,22,thoduc@gmail.com
Nga,Thuy,ngathuy397,ngathuy397,36,ngathuy@gmail.com
Oanh,Song,oanhsong398,oanhsong398,32,oanhsong@gmail.com
Tam,Ngoc,tamngoc399,tamngoc399,29,tamngoc@gmail.com
Thu,Song,thusong400,thusong400,32,thusong@gmail.com
Tam,Khai,tamkhai401,tamkhai401,26,tamkhai@gmail.com
Minh,Long,minhlong402,minhlong402,27,minhlong@gmail.com
Lan,Xuan,lanxuan403,lanxuan403,39,lanxuan@gmail.com
Chien,Huu,chienhuu404,chienhuu404,25,chienhuu@gmail.com
Thu,Hoang,thuhoang405,thuhoang405,24,thuhoang@gmail.com
Khanh,Bao,khanhbao406,khanhbao406,18,khanhbao@gmail.com
Ha,Ngan,hangan407,hangan407,29,hangan@gmail.com
Thinh,Hong,thinhhong408,thinhhong408,25,thinhhong@gmail.com
Trong,Dac,trongdac409,trongdac409,20,trongdac@gmail.com
Ky,Minh,kyminh410,kyminh410,28,kyminh@gmail.com
Quan,Phuong,quanphuong411,quanphuong411,31,quanphuong@gmail.com
Thuy,Phuong,thuyphuong412,thuyphuong412,31,thuyphuong@gmail.com
Thai,Dac,thaidac413,thaidac413,20,thaidac@gmail.com
Phuong,Thanh,phuongthanh414,phuongthanh414,33,phuongthanh@gmail.com
Anh,Phuong,anhphuong415,anhphuong415,31,anhphuong@gmail.com
Dieu,Dinh,dieudinh416,dieudinh416,21,dieudinh@gmail.com
Uyen,Nguyet,uyennguyet417,uyennguyet417,30,uyennguyet@gmail.com
Hien,Thuy,hienthuy418,hienthuy418,35,hienthuy@gmail.com
Trung,Duc,trungduc419,trungduc419,22,trungduc@gmail.com
Phuoc,Gia,phuocgia420,phuocgia420,23,phuocgia@gmail.com
Dan,Ngoc,danngoc421,danngoc421,29,danngoc@gmail.com
Yen,Nha,yennha422,yennha422,30,yennha@gmail.com
Dieu,Vinh,dieuvinh423,dieuvinh423,39,dieuvinh@gmail.com
Nghi,Uyen,nghiuyen424,nghiuyen424,38,nghiuyen@gmail.com
Son,Dong,sondong425,sondong425,21,sondong@gmail.com
Cam,Ngoc,camngoc426,camngoc426,29,camngoc@gmail.com
Nghia,Huu,nghiahuu427,nghiahuu427,26,nghiahuu@gmail.com
Phuong,Nhu,phuongnhu428,phuongnhu428,30,phuongnhu@gmail.com
Tam,An,taman429,taman429,18,taman@gmail.com
Thanh,Tuyet,thanhtuyet430,thanhtuyet430,38,thanhtuyet@gmail.com
Yen,Thanh,yenthanh431,yenthanh431,33,yenthanh@gmail.com
Ngon,Thi,ngonthi432,ngonthi432,34,ngonthi@gmail.com
Trang,Nha,trangnha433,trangnha433,30,trangnha@gmail.com
Nam,Chi,namchi434,namchi434,19,namchi@gmail.com
Nhu,Thuy,nhuthuy435,nhuthuy435,36,nhuthuy@gmail.com
Hao,Thanh,haothanh436,haothanh436,33,haothanh@gmail.com
Linh,Thuy,linhthuy437,linhthuy437,36,linhthuy@gmail.com
Long,Hoang,longhoang438,longhoang438,24,longhoang@gmail.com
Man,Tue,mantue439,mantue439,37,mantue@gmail.com
Nguyet,Trieu,nguyettrieu440,nguyettrieu440,37,nguyettrieu@gmail.com
Man,Trieu,mantrieu441,mantrieu441,37,mantrieu@gmail.com
Hong,Thu,hongthu442,hongthu442,34,hongthu@gmail.com
Nhi,Viet,nhiviet443,nhiviet443,38,nhiviet@gmail.com
Huy,Duc,huyduc444,huyduc444,21,huyduc@gmail.com
Uyen,Thao,uyenthao445,uyenthao445,34,uyenthao@gmail.com
Thanh,Xuan,thanhxuan446,thanhxuan446,39,thanhxuan@gmail.com
Huong,Xuan,huongxuan447,huongxuan447,39,huongxuan@gmail.com
Truong,Khoa,truongkhoa448,truongkhoa448,27,truongkhoa@gmail.com
Ngon,Duy,ngonduy449,ngonduy449,22,ngonduy@gmail.com
Huan,Gia,huangia450,huangia450,23,huangia@gmail.com
Nga,Viet,ngaviet451,ngaviet451,38,ngaviet@gmail.com
Tuyen,Son,tuyenson452,tuyenson452,32,tuyenson@gmail.com
Hai,Duy,haiduy453,haiduy453,22,haiduy@gmail.com
My,Tra,mytra454,mytra454,36,mytra@gmail.com
Thinh,Gia,thinhgia455,thinhgia455,23,thinhgia@gmail.com
Tram,Yen,tramyen456,tramyen456,39,tramyen@gmail.com
Van,Tuyet,vantuyet457,vantuyet457,38,vantuyet@gmail.com
Bao,Xuan,baoxuan458,baoxuan458,39,baoxuan@gmail.com
Ha,Thai,hathai459,hathai459,33,hathai@gmail.com
Viet,Hoai,viethoai460,viethoai460,24,viethoai@gmail.com
Liem,Hieu,liemhieu461,liemhieu461,24,liemhieu@gmail.com
Trang,Van,trangvan462,trangvan462,38,trangvan@gmail.com
Uyen,Nha,uyennha463,uyennha463,30,uyennha@gmail.com
Trang,Van,trangvan464,trangvan464,38,trangvan@gmail.com
Truong,Manh,truongmanh465,truongmanh465,28,truongmanh@gmail.com
Tam,Tuyet,tamtuyet466,tamtuyet466,38,tamtuyet@gmail.com
Van,Tuong,vantuong467,vantuong467,37,vantuong@gmail.com
Khanh,Van,khanhvan468,khanhvan468,38,khanhvan@gmail.com
Hau,Thu,hauthu469,hauthu469,34,hauthu@gmail.com
Da,Nhat,danhat470,danhat470,30,danhat@gmail.com
Ha,Quynh,haquynh471,haquynh471,32,haquynh@gmail.com
Loan,Yen,loanyen472,loanyen472,39,loanyen@gmail.com
Tran,Huy,tranhuy473,tranhuy473,26,tranhuy@gmail.com
Khang,Minh,khangminh474,khangminh474,28,khangminh@gmail.com
Thong,Hieu,thonghieu475,thonghieu475,24,thonghieu@gmail.com
Tu,Anh,tuanh476,tuanh476,18,tuanh@gmail.com
Vy,Phuong,vyphuong477,vyphuong477,31,vyphuong@gmail.com
Theu,Thien,theuthien478,theuthien478,34,theuthien@gmail.com
Hung,Minh,hungminh479,hungminh479,28,hungminh@gmail.com
Tuong,Huu,tuonghuu480,tuonghuu480,26,tuonghuu@gmail.com
Huong,Song,huongsong481,huongsong481,32,huongsong@gmail.com
Mai,Thien,maithien482,maithien482,34,maithien@gmail.com
Vy,Tuyet,vytuyet483,vytuyet483,38,vytuyet@gmail.com
Son,Hai,sonhai484,sonhai484,23,sonhai@gmail.com
Quan,Phuong,quanphuong485,quanphuong485,31,quanphuong@gmail.com
Lan,Thai,lanthai486,lanthai486,33,lanthai@gmail.com
Quan,Minh,quanminh487,quanminh487,28,quanminh@gmail.com
Di,Thien,dithien488,dithien488,34,dithien@gmail.com
Hoa,Dat,hoadat489,hoadat489,21,hoadat@gmail.com
Viet,Khac,vietkhac490,vietkhac490,26,vietkhac@gmail.com
Tien,Thien,tienthien491,tienthien491,34,tienthien@gmail.com
Nguyet,Tam,nguyettam492,nguyettam492,32,nguyettam@gmail.com
Giang,Minh,giangminh493,giangminh493,28,giangminh@gmail.com
Son,Cao,soncao494,soncao494,19,soncao@gmail.com
Khang,Duy,khangduy495,khangduy495,22,khangduy@gmail.com
Trieu,Khac,trieukhac496,trieukhac496,26,trieukhac@gmail.com
Kien,Gia,kiengia497,kiengia497,23,kiengia@gmail.com
Huu,Chinh,huuchinh498,huuchinh498,20,huuchinh@gmail.com
Minh,Huu,minhhuu499,minhhuu499,25,minhhuu@gmail.com
Ky,Minh,kyminh500,kyminh500,28,kyminh@gmail.com
Van,Khanh,vankhanh501,vankhanh501,27,vankhanh@gmail.com
Chi,Tuyet,chituyet502,chituyet502,37,chituyet@gmail.com
Hue,Thu,huethu503,huethu503,34,huethu@gmail.com
Yen,Thi,yenthi504,yenthi504,34,yenthi@gmail.com
Lan,Truc,lantruc505,lantruc505,37,lantruc@gmail.com
Dieu,Vinh,dieuvinh506,dieuvinh506,39,dieuvinh@gmail.com
Khoi,Anh,khoianh507,khoianh507,18,khoianh@gmail.com
Vinh,Chi,vinhchi508,vinhchi508,19,vinhchi@gmail.com
Thao,Phuong,thaophuong509,thaophuong509,31,thaophuong@gmail.com
Oanh,Thu,oanhthu510,oanhthu510,35,oanhthu@gmail.com
Hong,Nhu,hongnhu511,hongnhu511,30,hongnhu@gmail.com
Nga,Tuyet,ngatuyet512,ngatuyet512,38,ngatuyet@gmail.com
Long,Hoang,longhoang513,longhoang513,24,longhoang@gmail.com
Anh,Ngan,anhngan514,anhngan514,29,anhngan@gmail.com
Trinh,Thuy,trinhthuy515,trinhthuy515,36,trinhthuy@gmail.com
Anh,Yen,anhyen516,anhyen516,39,anhyen@gmail.com
Anh,Tuy,anhtuy517,anhtuy517,37,anhtuy@gmail.com
Yen,Xuan,yenxuan518,yenxuan518,39,yenxuan@gmail.com
Dai,Trang,daitrang519,daitrang519,37,daitrang@gmail.com
Thao,Yen,thaoyen520,thaoyen520,39,thaoyen@gmail.com
Son,Kim,sonkim521,sonkim521,27,sonkim@gmail.com
Vinh,Gia,vinhgia522,vinhgia522,23,vinhgia@gmail.com
Nha,Thanh,nhathanh523,nhathanh523,33,nhathanh@gmail.com
Hoang,Khanh,hoangkhanh524,hoangkhanh524,27,hoangkhanh@gmail.com
Hang,Thuy,hangthuy525,hangthuy525,35,hangthuy@gmail.com
Nhien,Thu,nhienthu526,nhienthu526,35,nhienthu@gmail.com
Phuong,Truc,phuongtruc527,phuongtruc527,37,phuongtruc@gmail.com
Khanh,Huy,khanhhuy528,khanhhuy528,26,khanhhuy@gmail.com
Nhi,Thao,nhithao529,nhithao529,34,nhithao@gmail.com
Trang,Tam,trangtam530,trangtam530,33,trangtam@gmail.com
Nhung,Tuyet,nhungtuyet531,nhungtuyet531,38,nhungtuyet@gmail.com
Phong,Chieu,phongchieu532,phongchieu532,20,phongchieu@gmail.com
Nhi,Y,nhiy533,nhiy533,39,nhiy@gmail.com
Thuong,Thuong,thuongthuong534,thuongthuong534,35,thuongthuong@gmail.com
Ngoc,Dai,ngocdai535,ngocdai535,20,ngocdai@gmail.com
Lan,Y,lany536,lany536,39,lany@gmail.com
Hang,Thu,hangthu537,hangthu537,34,hangthu@gmail.com
Hung,Minh,hungminh538,hungminh538,28,hungminh@gmail.com
Nhi,Tuyet,nhituyet539,nhituyet539,38,nhituyet@gmail.com
Tuyen,Duy,tuyenduy540,tuyenduy540,23,tuyenduy@gmail.com
Vu,Hiep,vuhiep541,vuhiep541,24,vuhiep@gmail.com
Phi,Khanh,phikhanh542,phikhanh542,27,phikhanh@gmail.com
Tram,Thuy,tramthuy543,tramthuy543,36,tramthuy@gmail.com
Quyen,Ngoc,quyenngoc544,quyenngoc544,29,quyenngoc@gmail.com
Tam,Dan,tamdan545,tamdan545,20,tamdan@gmail.com
Luan,Dinh,luandinh546,luandinh546,21,luandinh@gmail.com
Ha,Thu,hathu547,hathu547,34,hathu@gmail.com
Quan,Tung,quantung548,quantung548,37,quantung@gmail.com
Vu,Anh,vuanh549,vuanh549,18,vuanh@gmail.com
Tan,Huu,tanhuu550,tanhuu550,26,tanhuu@gmail.com
An,Minh,anminh551,anminh551,28,anminh@gmail.com
Sang,Dinh,sangdinh552,sangdinh552,21,sangdinh@gmail.com
Si,Cao,sicao553,sicao553,19,sicao@gmail.com
Hop,Hoa,hophoa554,hophoa554,24,hophoa@gmail.com
Tam,Tuyet,tamtuyet555,tamtuyet555,38,tamtuyet@gmail.com
Tri,Duc,triduc556,triduc556,22,triduc@gmail.com
Trang,Tam,trangtam557,trangtam557,33,trangtam@gmail.com
Can,Duy,canduy558,canduy558,22,canduy@gmail.com
Toai,Buu,toaibuu559,toaibuu559,19,toaibuu@gmail.com
Nhi,Thuc,nhithuc560,nhithuc560,35,nhithuc@gmail.com
Vu,Hoan,vuhoan561,vuhoan561,24,vuhoan@gmail.com
Thong,Huu,thonghuu562,thonghuu562,26,thonghuu@gmail.com
Giang,Khanh,giangkhanh563,giangkhanh563,27,giangkhanh@gmail.com
Uyen,Xuan,uyenxuan564,uyenxuan564,39,uyenxuan@gmail.com
Chien,Minh,chienminh565,chienminh565,28,chienminh@gmail.com
Hiep,Hoa,hiephoa566,hiephoa566,24,hiephoa@gmail.com
Hien,Tam,hientam567,hientam567,32,hientam@gmail.com
Vuong,Kim,vuongkim568,vuongkim568,27,vuongkim@gmail.com
Nhi,Quynh,nhiquynh569,nhiquynh569,32,nhiquynh@gmail.com
Khanh,Tam,khanhtam570,khanhtam570,32,khanhtam@gmail.com
Nhi,Tuyet,nhituyet571,nhituyet571,38,nhituyet@gmail.com
Linh,Xuan,linhxuan572,linhxuan572,39,linhxuan@gmail.com
My,Thuy,mythuy573,mythuy573,36,mythuy@gmail.com
Huan,Gia,huangia574,huangia574,23,huangia@gmail.com
Hao,Hiep,haohiep575,haohiep575,24,haohiep@gmail.com
My,Yen,myyen576,myyen576,39,myyen@gmail.com
Thanh,Phuong,thanhphuong577,thanhphuong577,31,thanhphuong@gmail.com
Van,Quynh,vanquynh578,vanquynh578,32,vanquynh@gmail.com
Lan,Truc,lantruc579,lantruc579,37,lantruc@gmail.com
Vy,Ngoc,vyngoc580,vyngoc580,30,vyngoc@gmail.com
Viet,Thu,vietthu581,vietthu581,35,vietthu@gmail.com
Liem,Hieu,liemhieu582,liemhieu582,24,liemhieu@gmail.com
Nuong,Thien,nuongthien583,nuongthien583,34,nuongthien@gmail.com
Liem,Hong,liemhong584,liemhong584,25,liemhong@gmail.com
Quynh,Xuan,quynhxuan585,quynhxuan585,39,quynhxuan@gmail.com
Hung,Chan,hungchan586,hungchan586,19,hungchan@gmail.com
My,Tra,mytra587,mytra587,36,mytra@gmail.com
Dan,Tam,dantam588,dantam588,32,dantam@gmail.com
Lan,Thanh,lanthanh589,lanthanh589,33,lanthanh@gmail.com
Lam,Thuy,lamthuy590,lamthuy590,36,lamthuy@gmail.com
Lan,Xuan,lanxuan591,lanxuan591,39,lanxuan@gmail.com
Hoa,Tuyet,hoatuyet592,hoatuyet592,37,hoatuyet@gmail.com
Quyen,Tu,quyentu593,quyentu593,37,quyentu@gmail.com
Trinh,Manh,trinhmanh594,trinhmanh594,28,trinhmanh@gmail.com
Van,Truc,vantruc595,vantruc595,37,vantruc@gmail.com
Chien,Manh,chienmanh596,chienmanh596,28,chienmanh@gmail.com
Linh,Thu,linhthu597,linhthu597,35,linhthu@gmail.com
Thanh,Chi,thanhchi598,thanhchi598,19,thanhchi@gmail.com
Dan,Yen,danyen599,danyen599,39,danyen@gmail.com
Tien,Van,tienvan600,tienvan600,38,tienvan@gmail.com
Lam,Huy,lamhuy601,lamhuy601,26,lamhuy@gmail.com
Mai,Xuan,maixuan602,maixuan602,39,maixuan@gmail.com
Thanh,Dac,thanhdac603,thanhdac603,20,thanhdac@gmail.com
Hien,Phuong,hienphuong604,hienphuong604,31,hienphuong@gmail.com
Dinh,Huu,dinhhuu605,dinhhuu605,25,dinhhuu@gmail.com
Truc,Thy,tructhy606,tructhy606,36,tructhy@gmail.com
Nhi,Van,nhivan607,nhivan607,38,nhivan@gmail.com
Thach,Bao,thachbao608,thachbao608,19,thachbao@gmail.com
Phuoc,Ba,phuocba609,phuocba609,18,phuocba@gmail.com
Hung,Minh,hungminh610,hungminh610,28,hungminh@gmail.com
Uyen,Nha,uyennha611,uyennha611,30,uyennha@gmail.com
Van,Quynh,vanquynh612,vanquynh612,32,vanquynh@gmail.com
Phap,Bao,phapbao613,phapbao613,19,phapbao@gmail.com
Viet,Huy,viethuy614,viethuy614,26,viethuy@gmail.com
Huu,Chinh,huuchinh615,huuchinh615,20,huuchinh@gmail.com
Thu,Thanh,thuthanh616,thuthanh616,33,thuthanh@gmail.com
Thanh,Ba,thanhba617,thanhba617,18,thanhba@gmail.com
Uyen,Phuong,uyenphuong618,uyenphuong618,31,uyenphuong@gmail.com
Binh,Huong,binhhuong619,binhhuong619,25,binhhuong@gmail.com
Lan,Phuong,lanphuong620,lanphuong620,31,lanphuong@gmail.com
Viet,Anh,vietanh621,vietanh621,18,vietanh@gmail.com
Chieu,Huy,chieuhuy622,chieuhuy622,26,chieuhuy@gmail.com
Hai,Duc,haiduc623,haiduc623,21,haiduc@gmail.com
Hien,Hiep,hienhiep624,hienhiep624,24,hienhiep@gmail.com
Khang,Huu,khanghuu625,khanghuu625,25,khanghuu@gmail.com
Quang,Dang,quangdang626,quangdang626,20,quangdang@gmail.com
Hanh,Thanh,hanhthanh627,hanhthanh627,33,hanhthanh@gmail.com
Y,Nhu,ynhu628,ynhu628,31,ynhu@gmail.com
Son,Bao,sonbao629,sonbao629,19,sonbao@gmail.com
Khanh,Duong,khanhduong630,khanhduong630,22,khanhduong@gmail.com
Quynh,Xuan,quynhxuan631,quynhxuan631,39,quynhxuan@gmail.com
Khoa,Anh,khoaanh632,khoaanh632,18,khoaanh@gmail.com
Chien,Minh,chienminh633,chienminh633,28,chienminh@gmail.com
Quan,Long,quanlong634,quanlong634,27,quanlong@gmail.com
Luan,Cong,luancong635,luancong635,20,luancong@gmail.com
Hanh,Ngoc,hanhngoc636,hanhngoc636,29,hanhngoc@gmail.com
Hanh,Duc,hanhduc637,hanhduc637,21,hanhduc@gmail.com
Hanh,Xuan,hanhxuan638,hanhxuan638,39,hanhxuan@gmail.com
Chi,Thai,chithai639,chithai639,33,chithai@gmail.com
Uyen,Phuong,uyenphuong640,uyenphuong640,31,uyenphuong@gmail.com
Nhung,Thanh,nhungthanh641,nhungthanh641,33,nhungthanh@gmail.com
Linh,Truc,linhtruc642,linhtruc642,37,linhtruc@gmail.com
Minh,Thuy,minhthuy643,minhthuy643,36,minhthuy@gmail.com
Phuong,Uyen,phuonguyen644,phuonguyen644,38,phuonguyen@gmail.com
Kim,Dinh,kimdinh645,kimdinh645,21,kimdinh@gmail.com
Tiep,Duy,tiepduy646,tiepduy646,23,tiepduy@gmail.com
Nguyen,Tam,nguyentam647,nguyentam647,32,nguyentam@gmail.com
Cuong,Hung,cuonghung648,cuonghung648,25,cuonghung@gmail.com
Huyen,Ngoc,huyenngoc649,huyenngoc649,29,huyenngoc@gmail.com
Thien,Huu,thienhuu650,thienhuu650,26,thienhuu@gmail.com
Minh,Thuy,minhthuy651,minhthuy651,36,minhthuy@gmail.com
Vinh,Huu,vinhhuu652,vinhhuu652,26,vinhhuu@gmail.com
Hien,Thuy,hienthuy653,hienthuy653,35,hienthuy@gmail.com
Ngan,Dinh,ngandinh654,ngandinh654,21,ngandinh@gmail.com
Tho,Oanh,thooanh655,thooanh655,31,thooanh@gmail.com
Du,Bach,dubach656,dubach656,18,dubach@gmail.com
Quoc,Bao,quocbao657,quocbao657,19,quocbao@gmail.com
Lam,Truc,lamtruc658,lamtruc658,37,lamtruc@gmail.com
Chuong,Buu,chuongbuu659,chuongbuu659,19,chuongbuu@gmail.com
Uy,Gia,uygia660,uygia660,23,uygia@gmail.com
Hop,Hoa,hophoa661,hophoa661,24,hophoa@gmail.com
Suong,Suong,suongsuong662,suongsuong662,32,suongsuong@gmail.com
Ly,Tu,lytu663,lytu663,37,lytu@gmail.com
My,Pham,mypham664,mypham664,31,mypham@gmail.com
Thanh,Thanh,thanhthanh665,thanhthanh665,33,thanhthanh@gmail.com
Man,Tue,mantue666,mantue666,37,mantue@gmail.com
Tuan,Khac,tuankhac667,tuankhac667,26,tuankhac@gmail.com
Trang,Thanh,trangthanh668,trangthanh668,33,trangthanh@gmail.com
Anh,Nguyet,anhnguyet669,anhnguyet669,30,anhnguyet@gmail.com
Tho,Tho,thotho670,thotho670,34,thotho@gmail.com
Thien,Gia,thiengia671,thiengia671,23,thiengia@gmail.com
Bao,Duc,baoduc672,baoduc672,21,baoduc@gmail.com
Thanh,Van,thanhvan673,thanhvan673,38,thanhvan@gmail.com
Ai,Ngoc,aingoc674,aingoc674,29,aingoc@gmail.com
Mai,Thien,maithien675,maithien675,34,maithien@gmail.com
Huy,Duc,huyduc676,huyduc676,22,huyduc@gmail.com
Lan,Thanh,lanthanh677,lanthanh677,33,lanthanh@gmail.com
Si,Cao,sicao678,sicao678,19,sicao@gmail.com
Quan,Phuong,quanphuong679,quanphuong679,31,quanphuong@gmail.com
Nhu,Tinh,nhutinh680,nhutinh680,36,nhutinh@gmail.com
Nhi,Y,nhiy681,nhiy681,39,nhiy@gmail.com
Huan,Gia,huangia682,huangia682,23,huangia@gmail.com
Cuong,Dac,cuongdac683,cuongdac683,20,cuongdac@gmail.com
Quan,Nhu,quannhu684,quannhu684,30,quannhu@gmail.com
Lo,Dac,lodac685,lodac685,20,lodac@gmail.com
Hoang,Huu,hoanghuu686,hoanghuu686,25,hoanghuu@gmail.com
Dung,Phuong,dungphuong687,dungphuong687,31,dungphuong@gmail.com
Viet,Hoai,viethoai688,viethoai688,24,viethoai@gmail.com
Bich,Phuong,bichphuong689,bichphuong689,31,bichphuong@gmail.com
Dang,Hai,danghai690,danghai690,23,danghai@gmail.com
Ngan,Thanh,nganthanh691,nganthanh691,33,nganthanh@gmail.com
Dung,Hung,dunghung692,dunghung692,25,dunghung@gmail.com
Hai,Duy,haiduy693,haiduy693,22,haiduy@gmail.com
Yen,Ngoc,yenngoc694,yenngoc694,30,yenngoc@gmail.com
Nu,Ngoc,nungoc695,nungoc695,29,nungoc@gmail.com
Minh,Dang,minhdang696,minhdang696,20,minhdang@gmail.com
Son,Chi,sonchi697,sonchi697,19,sonchi@gmail.com
Huynh,Bao,huynhbao698,huynhbao698,18,huynhbao@gmail.com
Hai,Hoang,haihoang699,haihoang699,24,haihoang@gmail.com
Ha,Song,hasong700,hasong700,32,hasong@gmail.com
Hong,Nguyet,hongnguyet701,hongnguyet701,30,hongnguyet@gmail.com
Van,Kien,vankien702,vankien702,27,vankien@gmail.com
Thi,Ngoc,thingoc703,thingoc703,30,thingoc@gmail.com
Chinh,Duc,chinhduc704,chinhduc704,21,chinhduc@gmail.com
Hai,Thu,haithu705,haithu705,34,haithu@gmail.com
Tai,Huu,taihuu706,taihuu706,26,taihuu@gmail.com
Giang,Lam,gianglam707,gianglam707,27,gianglam@gmail.com
Lam,Thu,lamthu708,lamthu708,35,lamthu@gmail.com
Van,Ngoc,vanngoc709,vanngoc709,30,vanngoc@gmail.com
Truc,Chinh,trucchinh710,trucchinh710,20,trucchinh@gmail.com
Vo,Huan,vohuan711,vohuan711,25,vohuan@gmail.com
Ngan,Thu,nganthu712,nganthu712,35,nganthu@gmail.com
Tam,Dan,tamdan713,tamdan713,20,tamdan@gmail.com
Hoa,Duc,hoaduc714,hoaduc714,21,hoaduc@gmail.com
Uy,Gia,uygia715,uygia715,23,uygia@gmail.com
Uy,Cat,uycat716,uycat716,19,uycat@gmail.com
Quynh,Tieu,quynhtieu717,quynhtieu717,36,quynhtieu@gmail.com
Giang,Tra,giangtra718,giangtra718,36,giangtra@gmail.com
Oanh,Ngoc,oanhngoc719,oanhngoc719,29,oanhngoc@gmail.com
Thi,Uyen,thiuyen720,thiuyen720,38,thiuyen@gmail.com
Thach,Bao,thachbao721,thachbao721,19,thachbao@gmail.com
Tram,Uyen,tramuyen722,tramuyen722,38,tramuyen@gmail.com
Loan,Truc,loantruc723,loantruc723,37,loantruc@gmail.com
Thanh,Hoai,thanhhoai724,thanhhoai724,24,thanhhoai@gmail.com
Nhat,Hong,nhathong725,nhathong725,25,nhathong@gmail.com
Dao,Gia,daogia726,daogia726,23,daogia@gmail.com
Nguyet,Thuy,nguyetthuy727,nguyetthuy727,36,nguyetthuy@gmail.com
Khanh,Thuy,khanhthuy728,khanhthuy728,36,khanhthuy@gmail.com
Chau,Tran,chautran729,chautran729,37,chautran@gmail.com
Phong,Duc,phongduc730,phongduc730,22,phongduc@gmail.com
Phuong,Truc,phuongtruc731,phuongtruc731,37,phuongtruc@gmail.com
Binh,Huu,binhhuu732,binhhuu732,25,binhhuu@gmail.com
Phong,Hai,phonghai733,phonghai733,23,phonghai@gmail.com
Thai,Anh,thaianh734,thaianh734,18,thaianh@gmail.com
Luan,Duy,luanduy735,luanduy735,22,luanduy@gmail.com
Khang,Chi,khangchi736,khangchi736,19,khangchi@gmail.com
Thinh,Gia,thinhgia737,thinhgia737,23,thinhgia@gmail.com
Dinh,Thuc,dinhthuc738,dinhthuc738,35,dinhthuc@gmail.com
Anh,Chi,anhchi739,anhchi739,19,anhchi@gmail.com
Khang,Duc,khangduc740,khangduc740,22,khangduc@gmail.com
Mai,Xuan,maixuan741,maixuan741,39,maixuan@gmail.com
Hien,Thu,hienthu742,hienthu742,34,hienthu@gmail.com
Van,Danh,vandanh743,vandanh743,21,vandanh@gmail.com
Phuong,Truc,phuongtruc744,phuongtruc744,37,phuongtruc@gmail.com
Khuong,Dang,khuongdang745,khuongdang745,20,khuongdang@gmail.com
Nguyet,Thu,nguyetthu746,nguyetthu746,35,nguyetthu@gmail.com
Huong,Quynh,huongquynh747,huongquynh747,32,huongquynh@gmail.com
Toan,Bao,toanbao748,toanbao748,19,toanbao@gmail.com
Thuy,Chung,thuychung749,thuychung749,20,thuychung@gmail.com
Quang,Dinh,quangdinh750,quangdinh750,21,quangdinh@gmail.com
Minh,Hoang,minhhoang751,minhhoang751,24,minhhoang@gmail.com
Dan,Minh,danminh752,danminh752,28,danminh@gmail.com
Truc,Chinh,trucchinh753,trucchinh753,20,trucchinh@gmail.com
Ha,Thuy,hathuy754,hathuy754,35,hathuy@gmail.com
Van,My,vanmy755,vanmy755,29,vanmy@gmail.com
Loan,To,loanto756,loanto756,36,loanto@gmail.com
Nam,Hoang,namhoang757,namhoang757,24,namhoang@gmail.com
Nghi,Uyen,nghiuyen758,nghiuyen758,38,nghiuyen@gmail.com
Giang,Minh,giangminh759,giangminh759,28,giangminh@gmail.com
Dung,Dat,dungdat760,dungdat760,21,dungdat@gmail.com
Son,Anh,sonanh761,sonanh761,18,sonanh@gmail.com
Nhi,Viet,nhiviet762,nhiviet762,38,nhiviet@gmail.com
Phuc,Gia,phucgia763,phucgia763,23,phucgia@gmail.com
Uyen,Nha,uyennha764,uyennha764,30,uyennha@gmail.com
Tu,Doan,tudoan765,tudoan765,21,tudoan@gmail.com
Nhu,Minh,nhuminh766,nhuminh766,28,nhuminh@gmail.com
Vinh,Long,vinhlong767,vinhlong767,28,vinhlong@gmail.com
Thien,Huu,thienhuu768,thienhuu768,26,thienhuu@gmail.com
Huong,Tuyet,huongtuyet769,huongtuyet769,37,huongtuyet@gmail.com
Nha,Uyen,nhauyen770,nhauyen770,38,nhauyen@gmail.com
Can,Gia,cangia771,cangia771,23,cangia@gmail.com
Vy,Tuong,vytuong772,vytuong772,37,vytuong@gmail.com
Khang,Duc,khangduc773,khangduc773,22,khangduc@gmail.com
Hoang,Minh,hoangminh774,hoangminh774,28,hoangminh@gmail.com
Minh,Dang,minhdang775,minhdang775,20,minhdang@gmail.com
Duong,Thuy,duongthuy776,duongthuy776,35,duongthuy@gmail.com
Duong,Dong,duongdong777,duongdong777,21,duongdong@gmail.com
Tuan,Duc,tuanduc778,tuanduc778,22,tuanduc@gmail.com
Dung,Nghi,dungnghi779,dungnghi779,29,dungnghi@gmail.com
Hong,Nha,hongnha780,hongnha780,30,hongnha@gmail.com
Tram,Quynh,tramquynh781,tramquynh781,32,tramquynh@gmail.com
Tam,Ngoc,tamngoc782,tamngoc782,29,tamngoc@gmail.com
Tuan,Huy,tuanhuy783,tuanhuy783,26,tuanhuy@gmail.com
Hoang,Khanh,hoangkhanh784,hoangkhanh784,27,hoangkhanh@gmail.com
Hong,Thao,hongthao785,hongthao785,34,hongthao@gmail.com
Phuong,Phuong,phuongphuong786,phuongphuong786,31,phuongphuong@gmail.com
Loan,Thanh,loanthanh787,loanthanh787,33,loanthanh@gmail.com
Long,Bao,longbao788,longbao788,19,longbao@gmail.com
Giang,Phuong,giangphuong789,giangphuong789,31,giangphuong@gmail.com
Minh,Khanh,minhkhanh790,minhkhanh790,27,minhkhanh@gmail.com
Ninh,An,ninhan791,ninhan791,18,ninhan@gmail.com
Thanh,Quynh,thanhquynh792,thanhquynh792,32,thanhquynh@gmail.com
Tam,Thuy,tamthuy793,tamthuy793,36,tamthuy@gmail.com
Phat,Hong,phathong794,phathong794,25,phathong@gmail.com
Luan,Cong,luancong795,luancong795,20,luancong@gmail.com
Tuyet,Ngoc,tuyetngoc796,tuyetngoc796,30,tuyetngoc@gmail.com
Hanh,Thuy,hanhthuy797,hanhthuy797,35,hanhthuy@gmail.com
Thanh,Cong,thanhcong798,thanhcong798,20,thanhcong@gmail.com
Giang,Bao,giangbao799,giangbao799,18,giangbao@gmail.com
Dao,Truc,daotruc800,daotruc800,37,daotruc@gmail.com
Tuong,Huy,tuonghuy801,tuonghuy801,26,tuonghuy@gmail.com
Duc,Gia,ducgia802,ducgia802,23,ducgia@gmail.com
Hieu,Minh,hieuminh803,hieuminh803,28,hieuminh@gmail.com
Suong,Ngoc,suongngoc804,suongngoc804,29,suongngoc@gmail.com
Nguyen,Binh,nguyenbinh805,nguyenbinh805,19,nguyenbinh@gmail.com
Minh,Long,minhlong806,minhlong806,27,minhlong@gmail.com
Lan,Hong,lanhong807,lanhong807,25,lanhong@gmail.com
Son,Bao,sonbao808,sonbao808,19,sonbao@gmail.com
Cuong,Dac,cuongdac809,cuongdac809,20,cuongdac@gmail.com
Binh,Huu,binhhuu810,binhhuu810,25,binhhuu@gmail.com
Truong,Manh,truongmanh811,truongmanh811,28,truongmanh@gmail.com
Long,Duc,longduc812,longduc812,22,longduc@gmail.com
Mi,Tieu,mitieu813,mitieu813,36,mitieu@gmail.com
Thao,Nhu,thaonhu814,thaonhu814,31,thaonhu@gmail.com
Thi,Viet,thiviet815,thiviet815,39,thiviet@gmail.com
Hien,Phuong,hienphuong816,hienphuong816,31,hienphuong@gmail.com
Tu,Anh,tuanh817,tuanh817,18,tuanh@gmail.com
Anh,Nhu,anhnhu818,anhnhu818,30,anhnhu@gmail.com
Giang,Minh,giangminh819,giangminh819,28,giangminh@gmail.com
Hoang,Kim,hoangkim820,hoangkim820,27,hoangkim@gmail.com
Nguyen,Hai,nguyenhai821,nguyenhai821,23,nguyenhai@gmail.com
Khuong,Dang,khuongdang822,khuongdang822,20,khuongdang@gmail.com
Tam,Xuan,tamxuan823,tamxuan823,39,tamxuan@gmail.com
Long,Bao,longbao824,longbao824,19,longbao@gmail.com
Ngan,Thuy,nganthuy825,nganthuy825,36,nganthuy@gmail.com
Lan,Y,lany826,lany826,39,lany@gmail.com
Nhat,Minh,nhatminh827,nhatminh827,28,nhatminh@gmail.com
Binh,Thanh,binhthanh828,binhthanh828,33,binhthanh@gmail.com
Minh,Thu,minhthu829,minhthu829,35,minhthu@gmail.com
Ngoc,Van,ngocvan830,ngocvan830,38,ngocvan@gmail.com
Nhung,Quynh,nhungquynh831,nhungquynh831,32,nhungquynh@gmail.com
Minh,Khai,minhkhai832,minhkhai832,26,minhkhai@gmail.com
Dinh,Manh,dinhmanh833,dinhmanh833,28,dinhmanh@gmail.com
Tuong,Lam,tuonglam834,tuonglam834,27,tuonglam@gmail.com
Dao,Gia,daogia835,daogia835,23,daogia@gmail.com
Nam,Giang,namgiang836,namgiang836,23,namgiang@gmail.com
Ly,Cong,lycong837,lycong837,20,lycong@gmail.com
Lam,Tinh,lamtinh838,lamtinh838,36,lamtinh@gmail.com
Nhien,Xuan,nhienxuan839,nhienxuan839,39,nhienxuan@gmail.com
Tung,Ba,tungba840,tungba840,18,tungba@gmail.com
Uyen,Phuong,uyenphuong841,uyenphuong841,31,uyenphuong@gmail.com
Phong,Hoai,phonghoai842,phonghoai842,24,phonghoai@gmail.com
Huy,Minh,huyminh843,huyminh843,28,huyminh@gmail.com
Phuong,Van,phuongvan844,phuongvan844,38,phuongvan@gmail.com
Truc,Ngan,trucngan845,trucngan845,29,trucngan@gmail.com
My,Tieu,mytieu846,mytieu846,36,mytieu@gmail.com
Viet,Hong,viethong847,viethong847,25,viethong@gmail.com
Thien,Ba,thienba848,thienba848,18,thienba@gmail.com
Thanh,Duc,thanhduc849,thanhduc849,22,thanhduc@gmail.com
Hoc,Khuyen,hockhuyen850,hockhuyen850,27,hockhuyen@gmail.com
Bang,Sao,bangsao851,bangsao851,32,bangsao@gmail.com
Uyen,Phuong,uyenphuong852,uyenphuong852,31,uyenphuong@gmail.com
Minh,Binh,minhbinh853,minhbinh853,19,minhbinh@gmail.com
Dinh,Huu,dinhhuu854,dinhhuu854,25,dinhhuu@gmail.com
Ha,Ngoc,hangoc855,hangoc855,29,hangoc@gmail.com
Minh,Huu,minhhuu856,minhhuu856,25,minhhuu@gmail.com
Quynh,Thuy,quynhthuy857,quynhthuy857,36,quynhthuy@gmail.com
Minh,Thuy,minhthuy858,minhthuy858,36,minhthuy@gmail.com
Trinh,Thuy,trinhthuy859,trinhthuy859,36,trinhthuy@gmail.com
Hong,Thai,hongthai860,hongthai860,33,hongthai@gmail.com
Hien,Thu,hienthu861,hienthu861,34,hienthu@gmail.com
Uyen,Thanh,uyenthanh862,uyenthanh862,33,uyenthanh@gmail.com
Giang,Lam,gianglam863,gianglam863,27,gianglam@gmail.com
Quan,Nhu,quannhu864,quannhu864,30,quannhu@gmail.com
Phu,Dinh,phudinh865,phudinh865,21,phudinh@gmail.com
Hanh,Phuong,hanhphuong866,hanhphuong866,31,hanhphuong@gmail.com
Huyen,Thuy,huyenthuy867,huyenthuy867,35,huyenthuy@gmail.com
Long,Hoang,longhoang868,longhoang868,24,longhoang@gmail.com
Huong,Thanh,huongthanh869,huongthanh869,33,huongthanh@gmail.com
Khanh,Duong,khanhduong870,khanhduong870,22,khanhduong@gmail.com
Khiem,Gia,khiemgia871,khiemgia871,23,khiemgia@gmail.com
Trang,Nha,trangnha872,trangnha872,30,trangnha@gmail.com
Khanh,Huu,khanhhuu873,khanhhuu873,25,khanhhuu@gmail.com
Hong,Vu,hongvu874,hongvu874,39,hongvu@gmail.com
Dung,Anh,dunganh875,dunganh875,18,dunganh@gmail.com
Nghia,Minh,nghiaminh876,nghiaminh876,28,nghiaminh@gmail.com
Son,Hong,sonhong877,sonhong877,25,sonhong@gmail.com
Thao,Thu,thaothu878,thaothu878,35,thaothu@gmail.com
Thao,Thach,thaothach879,thaothach879,33,thaothach@gmail.com
Nhung,Thanh,nhungthanh880,nhungthanh880,33,nhungthanh@gmail.com
Thao,Xuan,thaoxuan881,thaoxuan881,39,thaoxuan@gmail.com
Loan,Phuong,loanphuong882,loanphuong882,31,loanphuong@gmail.com
Quang,Dinh,quangdinh883,quangdinh883,21,quangdinh@gmail.com
Dan,Binh,danbinh884,danbinh884,19,danbinh@gmail.com
Mi,Thuy,mithuy885,mithuy885,36,mithuy@gmail.com
Theu,Thien,theuthien886,theuthien886,34,theuthien@gmail.com
Chau,Bao,chaubao887,chaubao887,18,chaubao@gmail.com
Phuong,Nhu,phuongnhu888,phuongnhu888,30,phuongnhu@gmail.com
Hoc,Khuyen,hockhuyen889,hockhuyen889,27,hockhuyen@gmail.com
Ha,Thu,hathu890,hathu890,34,hathu@gmail.com
Tuong,Duc,tuongduc891,tuongduc891,22,tuongduc@gmail.com
Dinh,Thuc,dinhthuc892,dinhthuc892,35,dinhthuc@gmail.com
Phong,Chan,phongchan893,phongchan893,19,phongchan@gmail.com
Linh,Xuan,linhxuan894,linhxuan894,39,linhxuan@gmail.com
Hien,Thuy,hienthuy895,hienthuy895,35,hienthuy@gmail.com
Nhi,Viet,nhiviet896,nhiviet896,38,nhiviet@gmail.com
Tuong,Gia,tuonggia897,tuonggia897,23,tuonggia@gmail.com
An,Minh,anminh898,anminh898,28,anminh@gmail.com
Hang,Thuy,hangthuy899,hangthuy899,35,hangthuy@gmail.com
Tram,Yen,tramyen900,tramyen900,39,tramyen@gmail.com
Thao,Nguyen,thaonguyen901,thaonguyen901,30,thaonguyen@gmail.com
Huy,Bao,huybao902,huybao902,18,huybao@gmail.com
Bao,Bao,baobao903,baobao903,18,baobao@gmail.com
Bich,Ngoc,bichngoc904,bichngoc904,29,bichngoc@gmail.com
Vo,Ky,voky905,voky905,27,voky@gmail.com
Ky,Ba,kyba906,kyba906,18,kyba@gmail.com
Hung,Huu,hunghuu907,hunghuu907,25,hunghuu@gmail.com
Hien,Phuong,hienphuong908,hienphuong908,31,hienphuong@gmail.com
Tai,Huu,taihuu909,taihuu909,26,taihuu@gmail.com
Dung,Anh,dunganh910,dunganh910,18,dunganh@gmail.com
Khanh,Uyen,khanhuyen911,khanhuyen911,38,khanhuyen@gmail.com
Tai,Anh,taianh912,taianh912,18,taianh@gmail.com
Khoa,Dang,khoadang913,khoadang913,20,khoadang@gmail.com
Trang,Thuy,trangthuy914,trangthuy914,36,trangthuy@gmail.com
Trac,Huu,trachuu915,trachuu915,26,trachuu@gmail.com
Nhi,Tue,nhitue916,nhitue916,37,nhitue@gmail.com
Hieu,Chi,hieuchi917,hieuchi917,19,hieuchi@gmail.com
Manh,Duc,manhduc918,manhduc918,22,manhduc@gmail.com
Hung,Duy,hungduy919,hungduy919,22,hungduy@gmail.com
Hoa,Khanh,hoakhanh920,hoakhanh920,27,hoakhanh@gmail.com
Lam,Ngoc,lamngoc921,lamngoc921,29,lamngoc@gmail.com
Vong,Thu,vongthu922,vongthu922,35,vongthu@gmail.com
My,Thuy,mythuy923,mythuy923,36,mythuy@gmail.com
Toan,Kim,toankim924,toankim924,27,toankim@gmail.com
Tam,Duy,tamduy925,tamduy925,22,tamduy@gmail.com
Tuong,Gia,tuonggia926,tuonggia926,23,tuonggia@gmail.com
Hy,Minh,hyminh927,hyminh927,28,hyminh@gmail.com
Dinh,Hiep,dinhhiep928,dinhhiep928,24,dinhhiep@gmail.com
lam,Vy,lamvy929,lamvy929,39,lamvy@gmail.com
Huu,Chinh,huuchinh930,huuchinh930,20,huuchinh@gmail.com
Hoa,Quynh,hoaquynh931,hoaquynh931,32,hoaquynh@gmail.com
Kim,Thien,kimthien932,kimthien932,34,kimthien@gmail.com
Phuong,Lam,phuonglam933,phuonglam933,27,phuonglam@gmail.com
Hien,Thu,hienthu934,hienthu934,34,hienthu@gmail.com
Que,Dan,quedan935,quedan935,20,quedan@gmail.com
Huong,Quynh,huongquynh936,huongquynh936,32,huongquynh@gmail.com
Lam,Hoang,lamhoang937,lamhoang937,24,lamhoang@gmail.com
Ly,Cong,lycong938,lycong938,20,lycong@gmail.com
Hoang,Huy,hoanghuy939,hoanghuy939,26,hoanghuy@gmail.com
Ha,Thuy,hathuy940,hathuy940,35,hathuy@gmail.com
Tien,Thuy,tienthuy941,tienthuy941,36,tienthuy@gmail.com
Lan,Thanh,lanthanh942,lanthanh942,33,lanthanh@gmail.com
Han,Tuyet,hantuyet943,hantuyet943,37,hantuyet@gmail.com
Long,Bao,longbao944,longbao944,19,longbao@gmail.com
Nam,Hoai,namhoai945,namhoai945,24,namhoai@gmail.com
Thi,Thi,thithi946,thithi946,34,thithi@gmail.com
lam,Vy,lamvy947,lamvy947,39,lamvy@gmail.com
Ca,Khai,cakhai948,cakhai948,26,cakhai@gmail.com
Chi,Truc,chitruc949,chitruc949,37,chitruc@gmail.com
Thanh,Quynh,thanhquynh950,thanhquynh950,32,thanhquynh@gmail.com
Nguyen,Hai,nguyenhai951,nguyenhai951,23,nguyenhai@gmail.com
Bang,Hai,banghai952,banghai952,23,banghai@gmail.com
Vuong,Hoang,vuonghoang953,vuonghoang953,25,vuonghoang@gmail.com
Ha,Hai,hahai954,hahai954,23,hahai@gmail.com
Anh,Tuyet,anhtuyet955,anhtuyet955,37,anhtuyet@gmail.com
My,Yen,myyen956,myyen956,39,myyen@gmail.com
Quynh,Tu,quynhtu957,quynhtu957,37,quynhtu@gmail.com
Oanh,Thuc,oanhthuc958,oanhthuc958,35,oanhthuc@gmail.com
Giang,Thuy,giangthuy959,giangthuy959,35,giangthuy@gmail.com
Duy,Duc,duyduc960,duyduc960,21,duyduc@gmail.com
Thanh,Trieu,thanhtrieu961,thanhtrieu961,37,thanhtrieu@gmail.com
Hien,Thanh,hienthanh962,hienthanh962,33,hienthanh@gmail.com
Giang,Kien,giangkien963,giangkien963,27,giangkien@gmail.com
Van,My,vanmy964,vanmy964,29,vanmy@gmail.com
Tri,Duc,triduc965,triduc965,22,triduc@gmail.com
Mai,Thuy,maithuy966,maithuy966,36,maithuy@gmail.com
Suong,Ngoc,suongngoc967,suongngoc967,29,suongngoc@gmail.com
Tam,Tinh,tamtinh968,tamtinh968,36,tamtinh@gmail.com
Ca,Son,cason969,cason969,32,cason@gmail.com
Phu,Duc,phuduc970,phuduc970,22,phuduc@gmail.com
Tai,Huu,taihuu971,taihuu971,26,taihuu@gmail.com
Thien,Huong,thienhuong972,thienhuong972,25,thienhuong@gmail.com
Anh,Duc,anhduc973,anhduc973,21,anhduc@gmail.com
Luong,Huu,luonghuu974,luonghuu974,25,luonghuu@gmail.com
Uyen,To,uyento975,uyento975,36,uyento@gmail.com
Trong,Khac,trongkhac976,trongkhac976,26,trongkhac@gmail.com
Son,Bao,sonbao977,sonbao977,19,sonbao@gmail.com
Loan,Tuyet,loantuyet978,loantuyet978,37,loantuyet@gmail.com
Tien,Thien,tienthien979,tienthien979,34,tienthien@gmail.com
Khiem,Huy,khiemhuy980,khiemhuy980,26,khiemhuy@gmail.com
Tam,To,tamto981,tamto981,36,tamto@gmail.com
Thi,Phuong,thiphuong982,thiphuong982,31,thiphuong@gmail.com
Truong,Khoa,truongkhoa983,truongkhoa983,27,truongkhoa@gmail.com
Nga,Nguyet,nganguyet984,nganguyet984,30,nganguyet@gmail.com
Tuong,Hung,tuonghung985,tuonghung985,25,tuonghung@gmail.com
Vien,Lam,vienlam986,vienlam986,27,vienlam@gmail.com
Anh,Nhu,anhnhu987,anhnhu987,30,anhnhu@gmail.com
Tam,To,tamto988,tamto988,36,tamto@gmail.com
Ky,Cao,kycao989,kycao989,19,kycao@gmail.com
Viet,Hong,viethong990,viethong990,25,viethong@gmail.com
Phat,Hoang,phathoang991,phathoang991,24,phathoang@gmail.com
Thao,Xuan,thaoxuan992,thaoxuan992,39,thaoxuan@gmail.com
Cuong,Dinh,cuongdinh993,cuongdinh993,21,cuongdinh@gmail.com
Nhi,Thuc,nhithuc994,nhithuc994,35,nhithuc@gmail.com
Du,Bach,dubach995,dubach995,18,dubach@gmail.com
Khang,Huu,khanghuu996,khanghuu996,25,khanghuu@gmail.com
Trinh,Tuyet,trinhtuyet997,trinhtuyet997,38,trinhtuyet@gmail.com
Nguyen,Cao,nguyencao998,nguyencao998,19,nguyencao@gmail.com
Quang,Dinh,quangdinh999,quangdinh999,21,quangdinh@gmail.com
Truc,Ngan,trucngan1000,trucngan1000,29,trucngan@gmail.com
